question,answer
What is statistics?,"Statistics is the science of collecting, analyzing, interpreting, and presenting data."
What are the two types of statistics?,Descriptive statistics and inferential statistics.
What is a population in statistics?,A population is the entire group that you want to draw conclusions about.
What is a sample in statistics?,A sample is a subset of individuals from a population used to estimate population characteristics.
What is a parameter?,A parameter is a numerical value that summarizes a characteristic of the population.
What is a statistic (in contrast to a parameter)?,A statistic is a numerical value that summarizes a characteristic of a sample.
What is the mean?,The mean is the average of a set of numbers.
What is the median?,The median is the middle value in a dataset when arranged in order.
What is the mode?,The mode is the value that appears most frequently in a dataset.
What is variance?,Variance measures how spread out the values in a dataset are.
What is standard deviation?,"Standard deviation is the square root of the variance, showing how much data deviates from the mean."
What is the range?,The range is the difference between the highest and lowest values in a dataset.
What is a frequency distribution?,A frequency distribution shows how often each value in a dataset occurs.
What is a histogram?,A histogram is a graphical representation of the distribution of numerical data.
What is a bar chart?,A bar chart is a graph that represents categorical data with rectangular bars.
What is a pie chart?,A pie chart is a circular statistical graphic divided into slices to illustrate proportions.
What is a box plot?,A box plot is a graphical display for describing the distributions with five-number summary.
What is the five-number summary?,"Minimum, first quartile, median, third quartile, and maximum."
What is skewness?,Skewness measures the asymmetry of the probability distribution of a real-valued random variable.
What is kurtosis?,Kurtosis measures the 'tailedness' of the probability distribution.
What is a normal distribution?,A normal distribution is a bell-shaped curve that is symmetric about the mean.
What is the empirical rule?,"The empirical rule states that 68%, 95%, and 99.7% of data fall within 1, 2, and 3 standard deviations from the mean respectively."
What is a z-score?,A z-score tells you how many standard deviations a data point is from the mean.
What is probability?,Probability is a measure of how likely an event is to occur.
What is an event in probability?,An event is a specific outcome or a set of outcomes of a random experiment.
What is a random variable?,A random variable is a numerical outcome of a random phenomenon.
What is a discrete random variable?,A discrete random variable has countable values.
What is a continuous random variable?,A continuous random variable has an infinite number of possible values.
What is the law of large numbers?,"As a sample size grows, its mean gets closer to the average of the whole population."
What is the central limit theorem?,It states that the sampling distribution of the sample mean approaches a normal distribution as the sample size increases.
What is statistics? (Q31),"Statistics is the science of collecting, analyzing, interpreting, and presenting data."
What is statistics? (Q32),"Statistics is the science of collecting, analyzing, interpreting, and presenting data."
What is statistics? (Q33),"Statistics is the science of collecting, analyzing, interpreting, and presenting data."
What is statistics? (Q34),"Statistics is the science of collecting, analyzing, interpreting, and presenting data."
What is statistics? (Q35),"Statistics is the science of collecting, analyzing, interpreting, and presenting data."
What is statistics? (Q36),"Statistics is the science of collecting, analyzing, interpreting, and presenting data."
What is statistics? (Q37),"Statistics is the science of collecting, analyzing, interpreting, and presenting data."
What is statistics? (Q38),"Statistics is the science of collecting, analyzing, interpreting, and presenting data."
What is statistics? (Q39),"Statistics is the science of collecting, analyzing, interpreting, and presenting data."
What is statistics? (Q40),"Statistics is the science of collecting, analyzing, interpreting, and presenting data."
What is statistics? (Q41),"Statistics is the science of collecting, analyzing, interpreting, and presenting data."
What is statistics? (Q42),"Statistics is the science of collecting, analyzing, interpreting, and presenting data."
What is statistics? (Q43),"Statistics is the science of collecting, analyzing, interpreting, and presenting data."
What is statistics? (Q44),"Statistics is the science of collecting, analyzing, interpreting, and presenting data."
What is statistics? (Q45),"Statistics is the science of collecting, analyzing, interpreting, and presenting data."
What is statistics? (Q46),"Statistics is the science of collecting, analyzing, interpreting, and presenting data."
What is statistics? (Q47),"Statistics is the science of collecting, analyzing, interpreting, and presenting data."
What is statistics? (Q48),"Statistics is the science of collecting, analyzing, interpreting, and presenting data."
What is statistics? (Q49),"Statistics is the science of collecting, analyzing, interpreting, and presenting data."
What is statistics? (Q50),"Statistics is the science of collecting, analyzing, interpreting, and presenting data."
What is statistics? (Q51),"Statistics is the science of collecting, analyzing, interpreting, and presenting data."
What is statistics? (Q52),"Statistics is the science of collecting, analyzing, interpreting, and presenting data."
What is statistics? (Q53),"Statistics is the science of collecting, analyzing, interpreting, and presenting data."
What is statistics? (Q54),"Statistics is the science of collecting, analyzing, interpreting, and presenting data."
What is statistics? (Q55),"Statistics is the science of collecting, analyzing, interpreting, and presenting data."
What is statistics? (Q56),"Statistics is the science of collecting, analyzing, interpreting, and presenting data."
What is statistics? (Q57),"Statistics is the science of collecting, analyzing, interpreting, and presenting data."
What is statistics? (Q58),"Statistics is the science of collecting, analyzing, interpreting, and presenting data."
What is statistics? (Q59),"Statistics is the science of collecting, analyzing, interpreting, and presenting data."
What is statistics? (Q60),"Statistics is the science of collecting, analyzing, interpreting, and presenting data."
What is statistics? (Q61),"Statistics is the science of collecting, analyzing, interpreting, and presenting data."
What is statistics? (Q62),"Statistics is the science of collecting, analyzing, interpreting, and presenting data."
What is statistics? (Q63),"Statistics is the science of collecting, analyzing, interpreting, and presenting data."
What is statistics? (Q64),"Statistics is the science of collecting, analyzing, interpreting, and presenting data."
What is statistics? (Q65),"Statistics is the science of collecting, analyzing, interpreting, and presenting data."
What is statistics? (Q66),"Statistics is the science of collecting, analyzing, interpreting, and presenting data."
What is statistics? (Q67),"Statistics is the science of collecting, analyzing, interpreting, and presenting data."
What is statistics? (Q68),"Statistics is the science of collecting, analyzing, interpreting, and presenting data."
What is statistics? (Q69),"Statistics is the science of collecting, analyzing, interpreting, and presenting data."
What is statistics? (Q70),"Statistics is the science of collecting, analyzing, interpreting, and presenting data."
What is statistics? (Q71),"Statistics is the science of collecting, analyzing, interpreting, and presenting data."
What is statistics? (Q72),"Statistics is the science of collecting, analyzing, interpreting, and presenting data."
What is statistics? (Q73),"Statistics is the science of collecting, analyzing, interpreting, and presenting data."
What is statistics? (Q74),"Statistics is the science of collecting, analyzing, interpreting, and presenting data."
What is statistics? (Q75),"Statistics is the science of collecting, analyzing, interpreting, and presenting data."
What is statistics? (Q76),"Statistics is the science of collecting, analyzing, interpreting, and presenting data."
What is statistics? (Q77),"Statistics is the science of collecting, analyzing, interpreting, and presenting data."
What is statistics? (Q78),"Statistics is the science of collecting, analyzing, interpreting, and presenting data."
What is statistics? (Q79),"Statistics is the science of collecting, analyzing, interpreting, and presenting data."
What is statistics? (Q80),"Statistics is the science of collecting, analyzing, interpreting, and presenting data."
What is statistics? (Q81),"Statistics is the science of collecting, analyzing, interpreting, and presenting data."
What is statistics? (Q82),"Statistics is the science of collecting, analyzing, interpreting, and presenting data."
What is statistics? (Q83),"Statistics is the science of collecting, analyzing, interpreting, and presenting data."
What is statistics? (Q84),"Statistics is the science of collecting, analyzing, interpreting, and presenting data."
What is statistics? (Q85),"Statistics is the science of collecting, analyzing, interpreting, and presenting data."
What is statistics? (Q86),"Statistics is the science of collecting, analyzing, interpreting, and presenting data."
What is statistics? (Q87),"Statistics is the science of collecting, analyzing, interpreting, and presenting data."
What is statistics? (Q88),"Statistics is the science of collecting, analyzing, interpreting, and presenting data."
What is statistics? (Q89),"Statistics is the science of collecting, analyzing, interpreting, and presenting data."
What is statistics? (Q90),"Statistics is the science of collecting, analyzing, interpreting, and presenting data."
What is statistics? (Q91),"Statistics is the science of collecting, analyzing, interpreting, and presenting data."
What is statistics? (Q92),"Statistics is the science of collecting, analyzing, interpreting, and presenting data."
What is statistics? (Q93),"Statistics is the science of collecting, analyzing, interpreting, and presenting data."
What is statistics? (Q94),"Statistics is the science of collecting, analyzing, interpreting, and presenting data."
What is statistics? (Q95),"Statistics is the science of collecting, analyzing, interpreting, and presenting data."
What is statistics? (Q96),"Statistics is the science of collecting, analyzing, interpreting, and presenting data."
What is statistics? (Q97),"Statistics is the science of collecting, analyzing, interpreting, and presenting data."
What is statistics? (Q98),"Statistics is the science of collecting, analyzing, interpreting, and presenting data."
What is statistics? (Q99),"Statistics is the science of collecting, analyzing, interpreting, and presenting data."
What is statistics? (Q100),"Statistics is the science of collecting, analyzing, interpreting, and presenting data."
What is statistics? (Q101),"Statistics is the science of collecting, analyzing, interpreting, and presenting data."
What is statistics? (Q102),"Statistics is the science of collecting, analyzing, interpreting, and presenting data."
What is statistics? (Q103),"Statistics is the science of collecting, analyzing, interpreting, and presenting data."
What is statistics? (Q104),"Statistics is the science of collecting, analyzing, interpreting, and presenting data."
What is statistics? (Q105),"Statistics is the science of collecting, analyzing, interpreting, and presenting data."
What is statistics? (Q106),"Statistics is the science of collecting, analyzing, interpreting, and presenting data."
What is statistics? (Q107),"Statistics is the science of collecting, analyzing, interpreting, and presenting data."
What is statistics? (Q108),"Statistics is the science of collecting, analyzing, interpreting, and presenting data."
What is statistics? (Q109),"Statistics is the science of collecting, analyzing, interpreting, and presenting data."
What is statistics? (Q110),"Statistics is the science of collecting, analyzing, interpreting, and presenting data."
What is statistics? (Q111),"Statistics is the science of collecting, analyzing, interpreting, and presenting data."
What is statistics? (Q112),"Statistics is the science of collecting, analyzing, interpreting, and presenting data."
What is statistics? (Q113),"Statistics is the science of collecting, analyzing, interpreting, and presenting data."
What is statistics? (Q114),"Statistics is the science of collecting, analyzing, interpreting, and presenting data."
What is statistics? (Q115),"Statistics is the science of collecting, analyzing, interpreting, and presenting data."
What is statistics? (Q116),"Statistics is the science of collecting, analyzing, interpreting, and presenting data."
What is statistics? (Q117),"Statistics is the science of collecting, analyzing, interpreting, and presenting data."
What is statistics? (Q118),"Statistics is the science of collecting, analyzing, interpreting, and presenting data."
What is statistics? (Q119),"Statistics is the science of collecting, analyzing, interpreting, and presenting data."
What is statistics? (Q120),"Statistics is the science of collecting, analyzing, interpreting, and presenting data."
What is statistics? (Q121),"Statistics is the science of collecting, analyzing, interpreting, and presenting data."
What is statistics? (Q122),"Statistics is the science of collecting, analyzing, interpreting, and presenting data."
What is statistics? (Q123),"Statistics is the science of collecting, analyzing, interpreting, and presenting data."
What is statistics? (Q124),"Statistics is the science of collecting, analyzing, interpreting, and presenting data."
What is statistics? (Q125),"Statistics is the science of collecting, analyzing, interpreting, and presenting data."
What is statistics? (Q126),"Statistics is the science of collecting, analyzing, interpreting, and presenting data."
What is statistics? (Q127),"Statistics is the science of collecting, analyzing, interpreting, and presenting data."
What is statistics? (Q128),"Statistics is the science of collecting, analyzing, interpreting, and presenting data."
What is statistics? (Q129),"Statistics is the science of collecting, analyzing, interpreting, and presenting data."
What is statistics? (Q130),"Statistics is the science of collecting, analyzing, interpreting, and presenting data."
What is statistics? (Q131),"Statistics is the science of collecting, analyzing, interpreting, and presenting data."
What is statistics? (Q132),"Statistics is the science of collecting, analyzing, interpreting, and presenting data."
What is statistics? (Q133),"Statistics is the science of collecting, analyzing, interpreting, and presenting data."
What is statistics? (Q134),"Statistics is the science of collecting, analyzing, interpreting, and presenting data."
What is statistics? (Q135),"Statistics is the science of collecting, analyzing, interpreting, and presenting data."
What is statistics? (Q136),"Statistics is the science of collecting, analyzing, interpreting, and presenting data."
What is statistics? (Q137),"Statistics is the science of collecting, analyzing, interpreting, and presenting data."
What is statistics? (Q138),"Statistics is the science of collecting, analyzing, interpreting, and presenting data."
What is statistics? (Q139),"Statistics is the science of collecting, analyzing, interpreting, and presenting data."
What is statistics? (Q140),"Statistics is the science of collecting, analyzing, interpreting, and presenting data."
What is statistics? (Q141),"Statistics is the science of collecting, analyzing, interpreting, and presenting data."
What is statistics? (Q142),"Statistics is the science of collecting, analyzing, interpreting, and presenting data."
What is statistics? (Q143),"Statistics is the science of collecting, analyzing, interpreting, and presenting data."
What is statistics? (Q144),"Statistics is the science of collecting, analyzing, interpreting, and presenting data."
What is statistics? (Q145),"Statistics is the science of collecting, analyzing, interpreting, and presenting data."
What is statistics? (Q146),"Statistics is the science of collecting, analyzing, interpreting, and presenting data."
What is statistics? (Q147),"Statistics is the science of collecting, analyzing, interpreting, and presenting data."
What is statistics? (Q148),"Statistics is the science of collecting, analyzing, interpreting, and presenting data."
What is statistics? (Q149),"Statistics is the science of collecting, analyzing, interpreting, and presenting data."
What is statistics? (Q150),"Statistics is the science of collecting, analyzing, interpreting, and presenting data."
What is statistics? (Q151),"Statistics is the science of collecting, analyzing, interpreting, and presenting data."
What is statistics? (Q152),"Statistics is the science of collecting, analyzing, interpreting, and presenting data."
What is statistics? (Q153),"Statistics is the science of collecting, analyzing, interpreting, and presenting data."
What is statistics? (Q154),"Statistics is the science of collecting, analyzing, interpreting, and presenting data."
What is statistics? (Q155),"Statistics is the science of collecting, analyzing, interpreting, and presenting data."
What is statistics? (Q156),"Statistics is the science of collecting, analyzing, interpreting, and presenting data."
What is statistics? (Q157),"Statistics is the science of collecting, analyzing, interpreting, and presenting data."
What is statistics? (Q158),"Statistics is the science of collecting, analyzing, interpreting, and presenting data."
What is statistics? (Q159),"Statistics is the science of collecting, analyzing, interpreting, and presenting data."
What is statistics? (Q160),"Statistics is the science of collecting, analyzing, interpreting, and presenting data."
What is statistics? (Q161),"Statistics is the science of collecting, analyzing, interpreting, and presenting data."
What is statistics? (Q162),"Statistics is the science of collecting, analyzing, interpreting, and presenting data."
What is statistics? (Q163),"Statistics is the science of collecting, analyzing, interpreting, and presenting data."
What is statistics? (Q164),"Statistics is the science of collecting, analyzing, interpreting, and presenting data."
What is statistics? (Q165),"Statistics is the science of collecting, analyzing, interpreting, and presenting data."
What is statistics? (Q166),"Statistics is the science of collecting, analyzing, interpreting, and presenting data."
What is statistics? (Q167),"Statistics is the science of collecting, analyzing, interpreting, and presenting data."
What is statistics? (Q168),"Statistics is the science of collecting, analyzing, interpreting, and presenting data."
What is statistics? (Q169),"Statistics is the science of collecting, analyzing, interpreting, and presenting data."
What is statistics? (Q170),"Statistics is the science of collecting, analyzing, interpreting, and presenting data."
What is statistics? (Q171),"Statistics is the science of collecting, analyzing, interpreting, and presenting data."
What is statistics? (Q172),"Statistics is the science of collecting, analyzing, interpreting, and presenting data."
What is statistics? (Q173),"Statistics is the science of collecting, analyzing, interpreting, and presenting data."
What is statistics? (Q174),"Statistics is the science of collecting, analyzing, interpreting, and presenting data."
What is statistics? (Q175),"Statistics is the science of collecting, analyzing, interpreting, and presenting data."
What is statistics? (Q176),"Statistics is the science of collecting, analyzing, interpreting, and presenting data."
What is statistics? (Q177),"Statistics is the science of collecting, analyzing, interpreting, and presenting data."
What is statistics? (Q178),"Statistics is the science of collecting, analyzing, interpreting, and presenting data."
What is statistics? (Q179),"Statistics is the science of collecting, analyzing, interpreting, and presenting data."
What is statistics? (Q180),"Statistics is the science of collecting, analyzing, interpreting, and presenting data."
What is statistics? (Q181),"Statistics is the science of collecting, analyzing, interpreting, and presenting data."
What is statistics? (Q182),"Statistics is the science of collecting, analyzing, interpreting, and presenting data."
What is statistics? (Q183),"Statistics is the science of collecting, analyzing, interpreting, and presenting data."
What is statistics? (Q184),"Statistics is the science of collecting, analyzing, interpreting, and presenting data."
What is statistics? (Q185),"Statistics is the science of collecting, analyzing, interpreting, and presenting data."
What is statistics? (Q186),"Statistics is the science of collecting, analyzing, interpreting, and presenting data."
What is statistics? (Q187),"Statistics is the science of collecting, analyzing, interpreting, and presenting data."
What is statistics? (Q188),"Statistics is the science of collecting, analyzing, interpreting, and presenting data."
What is statistics? (Q189),"Statistics is the science of collecting, analyzing, interpreting, and presenting data."
What is statistics? (Q190),"Statistics is the science of collecting, analyzing, interpreting, and presenting data."
What is statistics? (Q191),"Statistics is the science of collecting, analyzing, interpreting, and presenting data."
What is statistics? (Q192),"Statistics is the science of collecting, analyzing, interpreting, and presenting data."
What is statistics? (Q193),"Statistics is the science of collecting, analyzing, interpreting, and presenting data."
What is statistics? (Q194),"Statistics is the science of collecting, analyzing, interpreting, and presenting data."
What is statistics? (Q195),"Statistics is the science of collecting, analyzing, interpreting, and presenting data."
What is statistics? (Q196),"Statistics is the science of collecting, analyzing, interpreting, and presenting data."
What is statistics? (Q197),"Statistics is the science of collecting, analyzing, interpreting, and presenting data."
What is statistics? (Q198),"Statistics is the science of collecting, analyzing, interpreting, and presenting data."
What is statistics? (Q199),"Statistics is the science of collecting, analyzing, interpreting, and presenting data."
What is statistics? (Q200),"Statistics is the science of collecting, analyzing, interpreting, and presenting data."
What is statistics? (Q201),"Statistics is the science of collecting, analyzing, interpreting, and presenting data."
What is statistics? (Q202),"Statistics is the science of collecting, analyzing, interpreting, and presenting data."
What is statistics? (Q203),"Statistics is the science of collecting, analyzing, interpreting, and presenting data."
What is statistics? (Q204),"Statistics is the science of collecting, analyzing, interpreting, and presenting data."
What is statistics? (Q205),"Statistics is the science of collecting, analyzing, interpreting, and presenting data."
What is statistics? (Q206),"Statistics is the science of collecting, analyzing, interpreting, and presenting data."
What is statistics? (Q207),"Statistics is the science of collecting, analyzing, interpreting, and presenting data."
What is statistics? (Q208),"Statistics is the science of collecting, analyzing, interpreting, and presenting data."
What is statistics? (Q209),"Statistics is the science of collecting, analyzing, interpreting, and presenting data."
What is statistics? (Q210),"Statistics is the science of collecting, analyzing, interpreting, and presenting data."
What is statistics? (Q211),"Statistics is the science of collecting, analyzing, interpreting, and presenting data."
What is statistics? (Q212),"Statistics is the science of collecting, analyzing, interpreting, and presenting data."
What is statistics? (Q213),"Statistics is the science of collecting, analyzing, interpreting, and presenting data."
What is statistics? (Q214),"Statistics is the science of collecting, analyzing, interpreting, and presenting data."
What is statistics? (Q215),"Statistics is the science of collecting, analyzing, interpreting, and presenting data."
What is statistics? (Q216),"Statistics is the science of collecting, analyzing, interpreting, and presenting data."
What is statistics? (Q217),"Statistics is the science of collecting, analyzing, interpreting, and presenting data."
What is statistics? (Q218),"Statistics is the science of collecting, analyzing, interpreting, and presenting data."
What is statistics? (Q219),"Statistics is the science of collecting, analyzing, interpreting, and presenting data."
What is statistics? (Q220),"Statistics is the science of collecting, analyzing, interpreting, and presenting data."
What is statistics? (Q221),"Statistics is the science of collecting, analyzing, interpreting, and presenting data."
What is statistics? (Q222),"Statistics is the science of collecting, analyzing, interpreting, and presenting data."
What is statistics? (Q223),"Statistics is the science of collecting, analyzing, interpreting, and presenting data."
What is statistics? (Q224),"Statistics is the science of collecting, analyzing, interpreting, and presenting data."
What is statistics? (Q225),"Statistics is the science of collecting, analyzing, interpreting, and presenting data."
What is statistics? (Q226),"Statistics is the science of collecting, analyzing, interpreting, and presenting data."
What is statistics? (Q227),"Statistics is the science of collecting, analyzing, interpreting, and presenting data."
What is statistics? (Q228),"Statistics is the science of collecting, analyzing, interpreting, and presenting data."
What is statistics? (Q229),"Statistics is the science of collecting, analyzing, interpreting, and presenting data."
What is statistics? (Q230),"Statistics is the science of collecting, analyzing, interpreting, and presenting data."
What is statistics? (Q231),"Statistics is the science of collecting, analyzing, interpreting, and presenting data."
What is statistics? (Q232),"Statistics is the science of collecting, analyzing, interpreting, and presenting data."
What is statistics? (Q233),"Statistics is the science of collecting, analyzing, interpreting, and presenting data."
What is statistics? (Q234),"Statistics is the science of collecting, analyzing, interpreting, and presenting data."
What is statistics? (Q235),"Statistics is the science of collecting, analyzing, interpreting, and presenting data."
What is statistics? (Q236),"Statistics is the science of collecting, analyzing, interpreting, and presenting data."
What is statistics? (Q237),"Statistics is the science of collecting, analyzing, interpreting, and presenting data."
What is statistics? (Q238),"Statistics is the science of collecting, analyzing, interpreting, and presenting data."
What is statistics? (Q239),"Statistics is the science of collecting, analyzing, interpreting, and presenting data."
What is statistics? (Q240),"Statistics is the science of collecting, analyzing, interpreting, and presenting data."
What is statistics? (Q241),"Statistics is the science of collecting, analyzing, interpreting, and presenting data."
What is statistics? (Q242),"Statistics is the science of collecting, analyzing, interpreting, and presenting data."
What is statistics? (Q243),"Statistics is the science of collecting, analyzing, interpreting, and presenting data."
What is statistics? (Q244),"Statistics is the science of collecting, analyzing, interpreting, and presenting data."
What is statistics? (Q245),"Statistics is the science of collecting, analyzing, interpreting, and presenting data."
What is statistics? (Q246),"Statistics is the science of collecting, analyzing, interpreting, and presenting data."
What is statistics? (Q247),"Statistics is the science of collecting, analyzing, interpreting, and presenting data."
What is statistics? (Q248),"Statistics is the science of collecting, analyzing, interpreting, and presenting data."
What is statistics? (Q249),"Statistics is the science of collecting, analyzing, interpreting, and presenting data."
What is statistics? (Q250),"Statistics is the science of collecting, analyzing, interpreting, and presenting data."
What is statistics? (Q251),"Statistics is the science of collecting, analyzing, interpreting, and presenting data."
What is statistics? (Q252),"Statistics is the science of collecting, analyzing, interpreting, and presenting data."
What is statistics? (Q253),"Statistics is the science of collecting, analyzing, interpreting, and presenting data."
What is statistics? (Q254),"Statistics is the science of collecting, analyzing, interpreting, and presenting data."
What is statistics? (Q255),"Statistics is the science of collecting, analyzing, interpreting, and presenting data."
What is statistics? (Q256),"Statistics is the science of collecting, analyzing, interpreting, and presenting data."
What is statistics? (Q257),"Statistics is the science of collecting, analyzing, interpreting, and presenting data."
What is statistics? (Q258),"Statistics is the science of collecting, analyzing, interpreting, and presenting data."
What is statistics? (Q259),"Statistics is the science of collecting, analyzing, interpreting, and presenting data."
What is statistics? (Q260),"Statistics is the science of collecting, analyzing, interpreting, and presenting data."
What is statistics? (Q261),"Statistics is the science of collecting, analyzing, interpreting, and presenting data."
What is statistics? (Q262),"Statistics is the science of collecting, analyzing, interpreting, and presenting data."
What is statistics? (Q263),"Statistics is the science of collecting, analyzing, interpreting, and presenting data."
What is statistics? (Q264),"Statistics is the science of collecting, analyzing, interpreting, and presenting data."
What is statistics? (Q265),"Statistics is the science of collecting, analyzing, interpreting, and presenting data."
What is statistics? (Q266),"Statistics is the science of collecting, analyzing, interpreting, and presenting data."
What is statistics? (Q267),"Statistics is the science of collecting, analyzing, interpreting, and presenting data."
What is statistics? (Q268),"Statistics is the science of collecting, analyzing, interpreting, and presenting data."
What is statistics? (Q269),"Statistics is the science of collecting, analyzing, interpreting, and presenting data."
What is statistics? (Q270),"Statistics is the science of collecting, analyzing, interpreting, and presenting data."
What is statistics? (Q271),"Statistics is the science of collecting, analyzing, interpreting, and presenting data."
What is statistics? (Q272),"Statistics is the science of collecting, analyzing, interpreting, and presenting data."
What is statistics? (Q273),"Statistics is the science of collecting, analyzing, interpreting, and presenting data."
What is statistics? (Q274),"Statistics is the science of collecting, analyzing, interpreting, and presenting data."
What is statistics? (Q275),"Statistics is the science of collecting, analyzing, interpreting, and presenting data."
What is statistics? (Q276),"Statistics is the science of collecting, analyzing, interpreting, and presenting data."
What is statistics? (Q277),"Statistics is the science of collecting, analyzing, interpreting, and presenting data."
What is statistics? (Q278),"Statistics is the science of collecting, analyzing, interpreting, and presenting data."
What is statistics? (Q279),"Statistics is the science of collecting, analyzing, interpreting, and presenting data."
What is statistics? (Q280),"Statistics is the science of collecting, analyzing, interpreting, and presenting data."
What is statistics? (Q281),"Statistics is the science of collecting, analyzing, interpreting, and presenting data."
What is statistics? (Q282),"Statistics is the science of collecting, analyzing, interpreting, and presenting data."
What is statistics? (Q283),"Statistics is the science of collecting, analyzing, interpreting, and presenting data."
What is statistics? (Q284),"Statistics is the science of collecting, analyzing, interpreting, and presenting data."
What is statistics? (Q285),"Statistics is the science of collecting, analyzing, interpreting, and presenting data."
What is statistics? (Q286),"Statistics is the science of collecting, analyzing, interpreting, and presenting data."
What is statistics? (Q287),"Statistics is the science of collecting, analyzing, interpreting, and presenting data."
What is statistics? (Q288),"Statistics is the science of collecting, analyzing, interpreting, and presenting data."
What is statistics? (Q289),"Statistics is the science of collecting, analyzing, interpreting, and presenting data."
What is statistics? (Q290),"Statistics is the science of collecting, analyzing, interpreting, and presenting data."
What is statistics? (Q291),"Statistics is the science of collecting, analyzing, interpreting, and presenting data."
What is statistics? (Q292),"Statistics is the science of collecting, analyzing, interpreting, and presenting data."
What is statistics? (Q293),"Statistics is the science of collecting, analyzing, interpreting, and presenting data."
What is statistics? (Q294),"Statistics is the science of collecting, analyzing, interpreting, and presenting data."
What is statistics? (Q295),"Statistics is the science of collecting, analyzing, interpreting, and presenting data."
What is statistics? (Q296),"Statistics is the science of collecting, analyzing, interpreting, and presenting data."
What is statistics? (Q297),"Statistics is the science of collecting, analyzing, interpreting, and presenting data."
What is statistics? (Q298),"Statistics is the science of collecting, analyzing, interpreting, and presenting data."
What is statistics? (Q299),"Statistics is the science of collecting, analyzing, interpreting, and presenting data."
What is statistics? (Q300),"Statistics is the science of collecting, analyzing, interpreting, and presenting data."
